GFP;RFP;Condition;ratio_mut_over_wt_g0;ratio_mut_over_wt_g10;ratio_mut_over_wt_g20;ratio_mut_over_wt_g30;selection_coefficient;Kpn_abundance_g0;Kpn_abundance_g10;Kpn_abundance_g20;Kpn_abundance_g30
wt;wt;mGAM;0,565008025682183;0,477409638554217;0,422190201729107;0,386039886039886;-0,00404005701883232;97,5;98,1;98,7;97,3
wt;wt;mGAM;0,598039215686274;0,533980582524272;0,55608214849921;0,506430868167203;0,00403362035920941;97,8;94,8;98,5;93,7
wt;wt;mGAM;0,39402560455192;0,342857142857143;0,308921438082557;0,267441860465116;-0,00405156958621892;98;98,7;98,3;98,1
wt;wt;mGAM;0,504615384615385;0,476761619190405;0,433139534883721;0,421511627906977;0,00225806824243268;97,8;98,5;98,6;97,8
wt;wt;mGAM;0,483333333333333;0,464391691394659;0,441520467836257;0,417758369723435;0,00373696981320783;97,9;98,7;98,6;97,4
wt;wt;mGAM;0,884146341463415;0,789762340036563;0,692844677137871;0,582362728785358;-0,00521902511916435;92,7;97,9;97;95,1
wt;wt;mGAM;0,84952380952381;0,838709677419355;0,826247689463956;0,805243445692884;0,00686047017005285;97,1;96,9;98,8;96,4
wt;wt;mGAM;0,908560311284047;0,84171322160149;0,770758122743682;0,72231985940246;0,00085366599504103;98,1;98,9;98,1;98
wt;wt;mGAM;0,777777777777778;0,688888888888889;0,613486842105263;0,523291925465838;-0,00443214285572821;97,6;98,8;98,1;98,1
ompK35;wt;mGAM;1;0,648241206030151;0,756708407871199;0,648148148148148;-0,00284581835092968;95;98,4;98,2;97,9
ompK35;wt;mGAM;0,969879518072289;1,28365384615385;0,781981981981982;0,678632478632479;-0,00705299593985104;98,1;95;98,9;98,2
ompK35;wt;mGAM;0,713286713286713;0,627677100494234;0,662162162162162;0,608196721311475;0,00436940381964012;98;98,8;98,4;98,1
ompK35;wt;mGAM;1,09421841541756;0,66610455311973;0,798181818181818;0,616144975288303;-0,00680439215716448;97,8;98,8;98,9;98,1
ompK35;wt;mGAM;0,867172675521822;0,63953488372093;0,797814207650273;0,62046204620462;0,0007842451866878;98,4;98,7;98,7;98,2
wt;ompK35;mGAM;1,18048780487805;1,36867469879518;1,72299168975069;1,76553672316384;0,00576189210791277;92,3;98,4;97,6;97,4
wt;ompK35;mGAM;1,01293103448276;1,06105263157895;1,23529411764706;1,39659367396594;0,00254000753789313;96,7;95;98,9;98,1
wt;ompK35;mGAM;1,08704883227176;1,11324786324786;1,26267281105991;1,3710843373494;-0,000392558382480965;98,2;98,9;98,5;98,5
wt;ompK35;mGAM;1,05508474576271;1,16923076923077;1,31147540983607;1,54381443298969;0,00395101207391497;96,9;99;98,9;98,5
wt;ompK35;mGAM;1,22779043280182;1,25512528473804;1,33490566037736;1,6;-0,0000562335274840332;98,2;98,9;98,9;98,9
OXA48;wt;mGAM;0,467408585055644;0,399715504978663;0,272490221642764;0,228247162673392;-0,016718634360697;88,2;98,4;98,3;97,4
OXA48;wt;mGAM;0,598347107438017;0,353276353276353;0,369806094182825;0,223192019950125;-0,020510764962162;95,7;94,2;98,7;98,4
OXA48;wt;mGAM;0,576243980738363;0,404829545454545;0,287581699346405;0,211562115621156;-0,0248638562501272;98;98,8;98,4;98,3
OXA48;wt;mGAM;0,578175895765472;0,38655462184874;0,32751677852349;0,246835443037975;-0,0185759164726309;95,8;98,7;99;98,4
OXA48;wt;mGAM;0,586429725363489;0,371705963938974;0,25507614213198;0,187274909963986;-0,0293935562063978;98,3;98,7;99;98,6
wt;OXA48;mGAM;0,657142857142857;0,609477124183006;0,555205047318612;0,497709923664122;-0,0178852693597307;89,4;98,3;98,3;97,9
wt;OXA48;mGAM;0,603231597845601;0,511627906976744;0,530959752321981;0,457100591715976;-0,0165671554570245;93,4;97,9;98,8;98,5
wt;OXA48;mGAM;0,761818181818182;0,625615763546798;0,556782334384858;0,508422664624809;-0,0219135740496504;98,3;98,9;98,2;98,4
wt;OXA48;mGAM;0,648601398601399;0,554858934169279;0,508396946564885;0,457902511078287;-0,0199354850930357;97;98,7;98,7;98,7
wt;OXA48;mGAM;1;0,711072664359862;0,67911714770798;0,611475409836066;-0,023832335888157;97,8;99;99;98,8
KPC2;wt;mGAM;0,552816901408451;0,587096774193548;0,496194824961948;0,366058906030856;-0,00543307773674005;87;98,5;98,6;98,1
KPC2;wt;mGAM;0,595;0,43161094224924;0,516129032258065;0,405714285714286;-0,00108293465540713;89,3;97,5;98,9;98,5
KPC2;wt;mGAM;0,661016949152542;0,617021276595745;0,5375;0,475975975975976;-0,00261600050040226;96,9;99;98,7;98,5
KPC2;wt;mGAM;0,550161812297735;0,502283105022831;0,51840490797546;0,462109955423477;0,00369974958604035;94,3;99,2;98,8;98,7
KPC2;wt;mGAM;0,739823008849557;0,681431005110733;0,559055118110236;0,531055900621118;-0,00330967014079738;96,4;98,9;98,9;98,3
wt;KPC2;mGAM;0,757741347905282;0,581730769230769;0,732692307692308;0,509230769230769;-0,0182321531501487;96,5;98,7;90,1;98,1
wt;KPC2;mGAM;0,858778625954199;1,02691511387164;1,00411522633745;0,57784911717496;-0,0207265864233918;97,4;97,9;97,4;98,3
wt;KPC2;mGAM;0,72663139329806;0,675126903553299;0,664418212478921;0,559429477020602;-0,0166210543675024;97,9;99;98,7;98,4
wt;KPC2;mGAM;0,840525328330206;0,797814207650273;1,03966597077244;0,550314465408805;-0,018674436344482;98,1;98,7;97,7;98,6
wt;KPC2;mGAM;0,759856630824373;0,669477234401349;0,863636363636364;0,496206373292868;-0,0188536991912666;98,2;99;98,4;98,6
wt;wt;SPP21;0,810810810810811;0,784905660377359;0,705882352941177;0,678832116788321;0,000569221692816275;14,74;4,73;2,9;2,3
wt;wt;SPP21;0,89894419306184;0,823529411764706;0,747126436781609;0,728070175438597;-0,000338155644068045;12,59;4,65;3,04;1,97
wt;wt;SPP21;0,851851851851852;0,816455696202532;0,741666666666667;0,716814159292036;0,000821590360645607;11,5;8,61;4,18;1,94
wt;wt;SPP21;0,883435582822086;0,857142857142857;0,781420765027322;0,728070175438597;0,000232661614876761;12,28;4,42;3,26;1,97
wt;wt;SPP21;0,837753510140406;0,801762114537445;0,707792207792208;0,713114754098361;0,000881137415628582;11,78;4,09;2,63;2,09
wt;wt;SPP21;0,846689895470383;0,842741935483871;0,809859154929577;0,71304347826087;0,00140843061265726;10,6;4,57;2,57;1,97
wt;wt;SPP21;0,795698924731183;0,756666666666667;0,711340206185567;0,624161073825503;-0,00094189432917338;15,03;5,27;3,32;2,42
wt;wt;SPP21;0,900611620795107;0,874524714828897;0,779141104294479;0,725663716814159;-0,000674307796776887;12,43;4,93;2,9;1,95
wt;wt;SPP21;0,850622406639004;0,810055865921788;0,713815789473684;0,677685950413223;-0,00112311494042966;13,38;9,72;5,21;2,03
wt;wt;SPP21;0,881987577639751;0,836501901140685;0,75;0,705357142857143;-0,000835568986176519;12,12;4,83;3,22;1,91
ompK35;wt;SPP21;0,749714285714286;0,661654135338346;0,712328767123288;0,448818897637795;-0,00769401750111625;15,31;4,42;2,5;1,84
ompK35;wt;SPP21;0,772795216741405;0,699275362318841;0,598802395209581;0,485074626865672;-0,00856227160579485;11,86;4,69;2,67;1,99
ompK35;wt;SPP21;0,783783783783784;0,644736842105263;0,576470588235294;0,476510067114094;-0,00908831132599827;9,9;8,75;4,02;2,2
ompK35;wt;SPP21;0,710077519379845;0,659176029962547;0,576354679802956;0,426356589147287;-0,00968541817881435;11,03;4,43;3,2;1,84
ompK35;wt;SPP21;0,692307692307692;0,675105485232067;0,62987012987013;0,438461538461538;-0,00743610683152748;10,78;3,97;2,51;1,87
ompK35;wt;SPP21;0,757396449704142;0,752380952380952;0,60958904109589;0,504504504504504;-0,00733368110663542;8,91;3,68;2,35;1,67
wt;ompK35;SPP21;1,15916398713826;1,20744680851064;1,19827586206897;1,24324324324324;-0,00659161988607438;14,4;4,33;2,54;1,99
wt;ompK35;SPP21;0,98740157480315;0,990338164251208;0,984;0,989795918367347;-0,00860765687402792;11,98;4,52;2,35;1,85
wt;ompK35;SPP21;1,06386554621849;1,07462686567164;1,0609756097561;1,03738317757009;-0,00950018571356729;12,09;7,96;3,31;2,29
wt;ompK35;SPP21;1,07345575959933;1,09569377990431;1,112;1,12790697674419;-0,00698396881255538;12,19;4,32;2,59;1,59
wt;ompK35;SPP21;1,09411764705882;1,14423076923077;1,01234567901235;1,20289855072464;-0,0069971589564676;11,26;3,23;1,65;1,79
wt;ompK35;SPP21;0,869888475836431;0,985436893203883;0,962121212121212;0,989130434782609;-0,00500172059121758;8,81;4,2;2,19;1,62
OXA48;wt;SPP21;0,555075593952484;0,429042904290429;0,289340101522843;0,213414634146341;-0,0256553647493762;14,77;4,86;2,58;1,5
OXA48;wt;SPP21;0,601604278074866;0,477124183006536;0,320224719101124;0,225165562913907;-0,026510257308361;13,47;4,84;2,65;2,18
OXA48;wt;SPP21;0,555984555984556;0,377162629757785;0,239700374531835;0,174358974358974;-0,032361397622861;13,12;7,28;4,34;2,26
OXA48;wt;SPP21;0,562820512820513;0,454545454545455;0,308080808080808;0,213740458015267;-0,0259751090306606;12,72;4,35;2,64;1,94
OXA48;wt;SPP21;0,566063977746871;0,448430493273543;0,299212598425197;0,217687074829932;-0,0257552505401851;12,85;4,53;2,18;1,75
OXA48;wt;SPP21;0,564831261101243;0,473684210526316;0,319277108433735;0,236641221374046;-0,0230840727070034;11,35;3,95;2,21;1,84
wt;OXA48;SPP21;0,821378340365682;0,691666666666667;0,560344827586207;0,472972972972973;-0,0272799953432212;13,43;4,15;2,55;1,66
wt;OXA48;SPP21;0,713920817369093;0,590909090909091;0,496732026143791;0,376237623762376;-0,0295687588192445;12,62;4,12;2,48;1,95
wt;OXA48;SPP21;0,765582655826558;0,588516746411483;0,462311557788945;0,36;-0,0336657680719452;12,28;6,95;3,38;2,18
wt;OXA48;SPP21;0,724679029957204;0,627376425855513;0,465408805031447;0,376470588235294;-0,0312490828731994;12,42;4,38;2,64;1,83
wt;OXA48;SPP21;0,764617691154423;0,657142857142857;0,512605042016807;0,445783132530121;-0,0272863690212093;12,46;4,46;1,63;1,52
wt;OXA48;SPP21;0,762773722627737;0,674509803921569;0,521739130434783;0,445544554455446;-0,0273142200961683;10,06;4,09;2,59;1,83
KPC2;wt;SPP21;0,701612903225806;0,603960396039604;0,425414364640884;0,363636363636364;-0,0162610752858494;12,95;4,06;1,81;1,09
KPC2;wt;SPP21;0,810483870967742;0,657534246575342;0,48876404494382;0,406451612903226;-0,0167109683631909;13,42;4,55;2,29;1,39
KPC2;wt;SPP21;0,682051282051282;0,507246376811594;0,382165605095541;0,313953488372093;-0,0191470297739658;13,03;3,32;2,91;1,02
KPC2;wt;SPP21;0,709677419354839;0,635338345864662;0,450549450549451;0,366197183098592;-0,0163258578728959;12,09;4,28;2,33;1,17
KPC2;wt;SPP21;0,713333333333333;0,600706713780919;0,463087248322148;0,346153846153846;-0,0173336802156462;11,77;4,06;1,8;1,2
KPC2;wt;SPP21;0,722306525037936;0,639004149377593;0,473333333333333;0,383458646616541;-0,015037447093136;9,66;4,27;2,1;1,46
wt;KPC2;SPP21;0,761310452418097;0,697777777777778;0,564102564102564;0,450704225352113;-0,0264696535931503;11,29;3,82;1,83;1,03
wt;KPC2;SPP21;0,726618705035971;0,746411483253589;0,512658227848101;0,423728813559322;-0,0285520323576113;12;3,65;2,39;1,68
wt;KPC2;SPP21;0,741721854304636;0,61;0,479381443298969;0,376344086021505;-0,0313798473640494;10,52;6,44;2,87;1,28
wt;KPC2;SPP21;0,754019292604502;0,681632653061224;0,549019607843137;0,393617021276596;-0,030280863542974;10,91;4,12;2,37;1,31
wt;KPC2;SPP21;0,718241042345277;0,655601659751037;0,551401869158878;0,416666666666667;-0,0266825653793092;10,55;3,99;1,66;1,19
wt;KPC2;SPP21;0,731871838111299;0,694323144104804;0,507142857142857;0,416666666666667;-0,0286571235548133;10,27;3,88;2,11;1,36
wt;wt;MB001;0,558333333333333;0,534653465346535;0,496;0,458333333333333;0,000860918326500695;5,61;3,1;1,87;1,05
wt;wt;MB001;0,585669781931464;0,554973821989529;0,503649635036496;0,426470588235294;-0,00295465214859223;5,09;2,97;2,06;0,97
wt;wt;MB001;0,398058252427184;0,361111111111111;0,328859060402685;0,31;-0,000904215896673322;4,32;2,94;1,98;1,31
wt;wt;MB001;0,496021220159151;0,475770925110132;0,451388888888889;0,401960784313725;0,000698132498229799;5,64;3,35;2,09;1,43
wt;wt;MB001;0,488505747126437;0,459715639810427;0,427536231884058;0,37962962962963;-0,000758214222601215;5,18;3,08;1,97;1,49
wt;wt;MB001;0,438943894389439;0,411214953271028;0,404411764705882;0,379310344827586;0,00298479877444378;4,36;3,02;1,91;1,2
wt;wt;MB001;0,885572139303483;0,844155844155844;0,743119266055046;0,709302325581395;-0,000401237814324974;7,58;2,84;1,9;1,47
wt;wt;MB001;0,853571428571429;0,801242236024845;0,780487804878049;0,694444444444444;0,00108017626773477;5,19;2,9;2,19;1,22
wt;wt;MB001;0,880555555555556;0,803571428571429;0,738461538461538;0,727272727272727;0,000949615384458832;6,77;3,03;2,26;1,52
wt;wt;MB001;0,826923076923077;0,760416666666667;0,7;0,627906976744186;-0,00155532116917614;6,65;3,38;2,21;1,4
ompK35;wt;MB001;0,640102827763496;0,427184466019417;0,460869565217391;0,308641975308642;-0,0135922849134547;6,38;2,94;1,68;1,06
ompK35;wt;MB001;0,701754385964912;0,54;0,523809523809524;0,380281690140845;-0,0111524160034457;6,79;3,08;1,92;0,98
ompK35;wt;MB001;0,635;0,386046511627907;0,411764705882353;0,3;-0,0143182033027353;6,54;2,98;1,92;1,3
ompK35;wt;MB001;0,607390300230947;0,461538461538462;0,405797101449275;0,28;-0,0169864502904728;6,96;3,23;1,94;1,28
ompK35;wt;MB001;0,621621621621621;0,431818181818182;0,455357142857143;0,319587628865979;-0,0118960979862265;6;3,15;1,63;1,28
ompK35;wt;MB001;0,724264705882353;0,51;0,484126984126984;0,409638554216868;-0,0100849570927591;4,69;3,02;1,87;1,17
wt;ompK35;MB001;1,2015503875969;0,930817610062893;1,1;1,06521739130435;-0,010559103184253;5,66;2,99;1,77;1,25
wt;ompK35;MB001;0,866359447004608;0,714285714285714;0,742268041237113;0,633333333333333;-0,0176309265209934;5,41;1,69;1,85;1,08
wt;ompK35;MB001;0,906716417910448;0,726744186046512;0,724770642201835;0,652173913043478;-0,0185288571709848;4,11;2,9;1,92;1,05
wt;ompK35;MB001;0,946188340807175;0,849397590361446;0,911764705882353;0,857142857142857;-0,0108726754155987;5,11;2,74;1,7;1,18
wt;ompK35;MB001;1,01438848920863;0,902439024390244;0,989795918367347;0,852459016393443;-0,012909616485028;4,29;2,83;1,82;1,36
wt;ompK35;MB001;1,01119402985075;0,92156862745098;0,892156862745098;0,941176470588235;-0,0110931565618661;5,49;3,16;2,01;1,33
OXA48;wt;MB001;0,47012987012987;0,261603375527426;0,172185430463576;0,106194690265487;-0,0412824912330477;3,31;3,01;1,37;1,07
OXA48;wt;MB001;0,572674418604651;0,508928571428571;0,201298701298701;0,11340206185567;-0,0503243810857097;4,44;2,69;1,69;1,1
OXA48;wt;MB001;0,505494505494505;0,283185840707965;0,192546583850932;0,129032258064516;-0,0372897642749343;4,95;2,9;1,97;1,25
OXA48;wt;MB001;0,494152046783626;0,311004784688995;0,197183098591549;0,102803738317757;-0,0441252716682312;4,19;3,04;1,63;1,15
OXA48;wt;MB001;0,494773519163763;0,310185185185185;0,205298013245033;0,133333333333333;-0,0359323741408251;5,09;3,03;1,9;1,11
OXA48;wt;MB001;0,520775623268698;0,356223175965665;0,233128834355828;0,146551724137931;-0,0347457573284715;5,97;3,11;1,93;1,35
wt;OXA48;MB001;0,620253164556962;0,380208333333333;0,333333333333333;0,231884057971014;-0,0394485803566958;2,84;3,07;1,68;0,95
wt;OXA48;MB001;0,628440366972477;0,353293413173653;0,327102803738318;0,225;-0,0402005761778933;4,05;2,52;1,69;0,98
wt;OXA48;MB001;0,68;0,425531914893617;0,336;0,230769230769231;-0,0433986354868481;5,11;2,97;1,88;1,14
wt;OXA48;MB001;0,561855670103093;0,377659574468085;0,330357142857143;0,211764705882353;-0,0392273753201975;4,34;3,07;1,95;1,04
wt;OXA48;MB001;0,769633507853403;0,467741935483871;0,411764705882353;0,333333333333333;-0,0349938997602055;5,6;3,12;1,95;1,13
wt;OXA48;MB001;0,705673758865248;0,428571428571429;0,373983739837398;0,257575757575758;-0,040213735476435;5,39;2,94;1,93;1,32
KPC2;wt;MB001;0,553990610328638;0,355855855855856;0,256880733944954;0,16304347826087;-0,0324209332965211;3,84;2,65;1,4;0,85
KPC2;wt;MB001;0,608695652173913;0,401041666666667;0,28030303030303;0,170212765957447;-0,0342778856381127;3,55;2,26;1,42;0,98
KPC2;wt;MB001;0,633663366336634;0,374407582938389;0,296052631578947;0,179245283018868;-0,0326988277735325;4,2;2,68;1,67;1,12
KPC2;wt;MB001;0,599236641221374;0,400921658986175;0,283464566929134;0,161616161616162;-0,0352476318445689;3,03;2,59;1,49;1,03
KPC2;wt;MB001;0,67986798679868;0,442857142857143;0,347517730496454;0,261363636363636;-0,0235717642308536;3,38;2,73;1,68;1
KPC2;wt;MB001;0,649171270718232;0,439814814814815;0,321917808219178;0,205357142857143;-0,0301168235986187;4,81;2,2;1,69;0,83
wt;KPC2;MB001;0,619718309859155;0,379679144385027;0,288461538461538;0,211267605633803;-0,0436479406999171;4,6;2,58;1,34;0,86
wt;KPC2;MB001;0,628472222222222;0,472972972972973;0,330097087378641;0,2;-0,0465618581646827;4,69;2,18;1,37;0,9
wt;KPC2;MB001;0,652173913043478;0,401129943502825;0,307017543859649;0,219512195121951;-0,0439570194887363;4,56;2,48;1,49;1
wt;KPC2;MB001;0,637096774193548;0,406976744186047;0,308510638297872;0,212121212121212;-0,0443790180921651;4,06;2,42;1,23;0,8
wt;KPC2;MB001;0,650641025641026;0,407608695652174;0,321100917431193;0,208333333333333;-0,0451661929798312;5,15;2,59;1,44;0,87
wt;KPC2;MB001;0,64983164983165;0,449664429530201;0,345454545454545;0,225352112676056;-0,0430239912810031;4,9;2,16;1,48;0,87
wt;wt;MB002;0,857831325301205;0,790909090909091;0,754189944134078;0,695945945945946;0,000259838538916756;7,71;3,94;3,14;2,51
wt;wt;MB002;0,912832929782082;0,84304932735426;0,80503144654088;0,754237288135593;0,000822474452916493;7,9;4,11;2,87;2,07
wt;wt;MB002;0,854166666666667;0,789719626168224;0,742105263157895;0,690265486725664;-0,00000407902517433716;7,12;3,83;3,31;1,91
wt;wt;MB002;0,870324189526185;0,816964285714286;0,745454545454545;0,711864406779661;0,0000639294155443072;7,5;4,07;2,88;2,02
wt;wt;MB002;0,854066985645933;0,767955801104972;0,726114649681529;0,677966101694915;-0,000478321533350735;7,75;3,2;2,71;1,98
wt;wt;MB002;0,852731591448931;0,83695652173913;0,795620437956204;0,719626168224299;0,00141140331977619;7,8;3,38;2,46;1,84
wt;wt;MB002;0,833333333333333;0,769230769230769;0,723529411764706;0,630769230769231;-0,00195801633778875;8,03;2,76;2,93;2,12
wt;wt;MB002;0,907894736842105;0,851674641148325;0,793939393939394;0,717741935483871;-0,000743234069545762;5,8;3,87;2,96;2,13
wt;wt;MB002;0,840978593272171;0,773869346733668;0,764150943396226;0,729508196721312;0,00261704600183534;6,02;3,53;3,74;2,11
wt;wt;MB002;0,878048780487805;0,81651376146789;0,758426966292135;0,666666666666667;-0,00199104076312949;6,16;3,96;3,13;2,35
ompK35;wt;MB002;0,773778920308483;0,493975903614458;0,517766497461929;0,424657534246575;-0,0105204272511885;6,9;3,72;2,99;2,08
ompK35;wt;MB002;0,841397849462366;0,535269709543568;0,5;0,448979591836735;-0,0125149507186531;6,85;3,7;2,7;2,13
ompK35;wt;MB002;0,836585365853659;0,477551020408163;0,425837320574163;0,423076923076923;-0,0145900814193419;7,53;3,62;2,98;1,85
ompK35;wt;MB002;0,778115501519757;0,436734693877551;0,407608695652174;0,337662337662338;-0,0187257487800543;5,85;3,52;2,59;2,06
ompK35;wt;MB002;0,866013071895425;0,450617283950617;0,450261780104712;0,39568345323741;-0,0164971653088171;5,71;2,35;2,77;1,94
ompK35;wt;MB002;0,87459807073955;0,502415458937198;0,532894736842105;0,495726495726496;-0,00943394584530539;5,83;3,11;2,33;1,75
wt;ompK35;MB002;1,21649484536082;1,03296703296703;1,10526315789474;1,05084745762712;-0,0123309292554251;4,67;3,23;2,67;2,02
wt;ompK35;MB002;0,931952662721893;0,767241379310345;0,755102040816327;0,708333333333333;-0,0170066124687282;5,79;3,61;2,54;2,01
wt;ompK35;MB002;1;0,80365296803653;0,794117647058824;0,881578947368421;-0,0125166908039719;6,1;3,8;3,14;1,73
wt;ompK35;MB002;1,02797202797203;0,876146788990826;0,963768115942029;1,07758620689655;-0,00624887147039283;5,68;3,6;2,53;2,3
wt;ompK35;MB002;1,10596026490066;0,881481481481481;1,01515151515152;1,04838709677419;-0,00880805103440029;5,65;2,84;2,3;2,03
wt;ompK35;MB002;0,923728813559322;0,782608695652174;0,805084745762712;0,900900900900901;-0,00908366087972919;5,92;3,02;2,06;1,99
OXA48;wt;MB002;0,511326860841424;0,281746031746032;0,202702702702703;0,128491620111732;-0,0377177259713073;6,14;3,68;2,67;1,44
OXA48;wt;MB002;0,573369565217391;0,312727272727273;0,20952380952381;0,129213483146067;-0,0416975856177275;6,23;3,57;2,75;1,82
OXA48;wt;MB002;0,536523929471033;0,288135593220339;0,189393939393939;0,138157894736842;-0,0378881477968033;6,36;3,66;3,05;1,81
OXA48;wt;MB002;0,551912568306011;0,25;0,193396226415094;0,116504854368932;-0,0422216083154863;5,93;3,42;2,53;1,97
OXA48;wt;MB002;0,539509536784741;0,279279279279279;0,216931216931217;0,134078212290503;-0,0372841430330287;5,61;2,67;2,26;1,77
OXA48;wt;MB002;0,549738219895288;0,279661016949153;0,218934911242604;0,15028901734104;-0,0343452055241763;4;2,92;1,97;1,92
wt;OXA48;MB002;0,795366795366795;0,521400778210117;0,395480225988701;0,276190476190476;-0,0431116708124106;6,45;3,7;2,8;1,21
wt;OXA48;MB002;0,730886850152905;0,487903225806452;0,335135135135135;0,242647058823529;-0,0454514634925409;6,53;4,1;2,58;2,05
wt;OXA48;MB002;0,746312684365782;0,48046875;0,33160621761658;0,271028037383178;-0,0427119216778319;7,12;3,95;3,05;1,43
wt;OXA48;MB002;0,691860465116279;0,415770609318996;0,308139534883721;0,234848484848485;-0,0440252316962185;5,8;4,09;2,71;2,41
wt;OXA48;MB002;0,822463768115942;0,517073170731707;0,435064935064935;0,308641975308642;-0,0397466753657941;6,36;2,54;2,66;1,27
wt;OXA48;MB002;0,736263736263736;0,453333333333333;0,339869281045752;0,310344827586207;-0,0374139070434159;4,54;3,28;2,13;2,11
KPC2;wt;MB002;0,696132596685083;0,415384615384615;0,315270935960591;0,220338983050847;-0,0302596225555671;4,65;3,91;2,47;1,34
KPC2;wt;MB002;0,774928774928775;0,469135802469136;0,348039215686274;0,238095238095238;-0,0313794910359161;5,66;3,69;2,47;1,69
KPC2;wt;MB002;0,691489361702128;0,435294117647059;0,303418803418803;0,222972972972973;-0,030553703716165;5,92;3,79;2,57;1,36
KPC2;wt;MB002;0,694285714285714;0,430962343096234;0,324607329842932;0,23125;-0,0288062793101613;5,82;3,95;2,25;1,63
KPC2;wt;MB002;0,7;0,427807486631016;0,36144578313253;0,273381294964029;-0,0228827060972685;5,03;3,11;2,21;1,06
KPC2;wt;MB002;0,639344262295082;0,41747572815534;0,322147651006711;0,230769230769231;-0,0261536185212718;3,16;3,27;2,05;1,52
wt;KPC2;MB002;0,738396624472574;0,496;0,366906474820144;0,271317829457364;-0,041666504690087;4,12;3,74;1,9;1,64
wt;KPC2;MB002;0,722044728434505;0,472103004291845;0,35195530726257;0,258741258741259;-0,04234079564597;5,39;3,43;2,42;1,8
wt;KPC2;MB002;0,751908396946565;0,493877551020408;0,374269005847953;0,27906976744186;-0,0411238187471998;4,59;3,66;2,35;1,65
wt;KPC2;MB002;0,717532467532467;0,454918032786885;0,391061452513966;0,276923076923077;-0,0386909882531909;5,29;3,55;2,49;1,66
wt;KPC2;MB002;0,686619718309859;0,475113122171946;0,375;0,247787610619469;-0,0415586378234814;4,79;3,26;1,98;1,41
wt;KPC2;MB002;0,689655172413793;0,478468899521531;0,345679012345679;0,272058823529412;-0,0397721182237616;4,41;3,09;2,18;1,73
wt;wt;MB003;0,933463796477495;0,822085889570552;0,688311688311688;0,323943661971831;-0,021904622341819;9,88;2,97;3,9;2,82
wt;wt;MB003;0,956185567010309;0,867021276595745;0,832599118942731;0,759398496240602;0,00430351315161674;7,59;3,51;4,16;2,34
wt;wt;MB003;0,935153583617747;0,827777777777778;0,758007117437722;0,426778242677824;-0,0127925210808008;11,34;3,29;4,94;3,41
wt;wt;MB003;0,925925925925926;0,892857142857143;0,850202429149797;0,927007299270073;0,0111668804335049;8,84;3,18;4,57;2,64
wt;wt;MB003;0,95993031358885;0,866028708133971;0,826612903225806;0,771241830065359;0,00458980883046271;11,25;3,9;4,53;2,71
wt;wt;MB003;0,925318761384335;0,862068965517241;0,831275720164609;0,802547770700637;0,00698724104435801;10,57;3,78;4,45;2,83
wt;wt;MB003;0,84982332155477;0,78804347826087;0,730392156862745;0,660869565217391;0,00331750946005378;10,47;3,29;3,53;1,91
wt;wt;MB003;0,885304659498208;0,795811518324607;0,806451612903226;0,909090909090909;0,0125495988240481;10,52;3,43;3,92;2,31
wt;wt;MB003;0,900221729490022;0,796954314720812;0,773504273504274;0,688311688311688;0,00327074412750172;8,57;3,54;4,15;2,6
ompK35;wt;MB003;0,727758007117438;0,370731707317073;0,322314049586777;0,352941176470588;-0,0114881524489262;9,71;2,81;3,2;2,76
ompK35;wt;MB003;0,717948717948718;0,41304347826087;0,41304347826087;1,26470588235294;0,0286072873974975;0,67;0,65;1,3;1,54
ompK35;wt;MB003;0,722641509433962;0,54054054054054;1,07070707070707;2,01550387596899;0,0492277717378006;9,13;3,42;6,15;3,89
ompK35;wt;MB003;0,742738589211618;0,6;1,23873873873874;2,64406779661017;0,0569624697119565;8,4;3,44;4,97;4,3
ompK35;wt;MB003;0,714;0,577272727272727;1,24401913875598;2,65420560747664;0,0586897955862426;8,57;3,47;4,69;3,91
ompK35;wt;MB003;0,747300215982721;0,666666666666667;1,37444933920705;2,73831775700935;0,0578155299784147;8,09;3,8;5,39;4
wt;ompK35;MB003;0,932673267326733;0,728323699421965;1,26530612244898;3,37179487179487;0,035461494028445;9,59;3,12;3,6;2,81
wt;ompK35;MB003;0,935684647302904;0,869158878504673;1,32758620689655;3,11538461538462;0,0317046893233494;7,63;3,1;3,88;2,56
wt;ompK35;MB003;0,873320537428023;0,864864864864865;1,66666666666667;3,75581395348837;0,0417066958904757;8,34;3,42;3,9;3,63
wt;ompK35;MB003;0,888888888888889;0,85;1,68;5,625;0,0535471368027593;9,46;3,88;3,77;3,33
wt;ompK35;MB003;0,855329949238579;0,728643216080402;1,18181818181818;2,95698924731183;0,0334333292346613;9,44;3,6;3,81;3,15
wt;ompK35;MB003;0,861924686192469;0,856353591160221;1,53374233128834;3,16504854368932;0,0362343896636145;6,45;3,88;4,63;3,93
OXA48;wt;MB003;0,650602409638554;0,380530973451327;0,45748987854251;0,587570621468927;0,0104061892715696;9,29;3,1;4,7;3,1
OXA48;wt;MB003;0,658695652173913;0,390134529147982;0,416058394160584;0,896296296296296;0,0215050090686243;0,64;0,59;0,99;1,32
OXA48;wt;MB003;0,678068410462777;0,443037974683544;0,611570247933884;1,03932584269663;0,0276575100883077;8,8;3,35;5,12;3,65
OXA48;wt;MB003;0,64808362369338;0,385714285714286;0,444444444444444;1,06832298136646;0,0280334368010915;8,16;3,4;3,36;2,87
OXA48;wt;MB003;0,673758865248227;0,374045801526718;0,304794520547945;0,529126213592233;0,0023246228786017;8,25;3,68;4,46;3,59
OXA48;wt;MB003;0,662371134020619;0,558232931726908;1,03964757709251;1,93283582089552;0,0499675185896248;4,73;2,7;3,31;2,87
wt;OXA48;MB003;0,576923076923077;0,371428571428571;0,271186440677966;0,638888888888889;-0,0087009616833874;9,76;2,99;3,33;3,41
wt;OXA48;MB003;0,625;0,423809523809524;0,197619047619048;0,287878787878788;-0,0395019033721585;9,33;2;2,7;3,21
wt;OXA48;MB003;0,698841698841699;0,477678571428571;0,652173913043478;1,63865546218487;0,0200638349634637;9,76;3,45;4,32;4,09
wt;OXA48;MB003;0,730538922155689;0,781725888324873;1,42953020134228;2,66326530612245;0,0362256308121757;0,51;0,74;1,34;2,65
wt;OXA48;MB003;0,721723518850987;0,641921397379913;1,25766871165644;2,37234042553191;0,0338090862272467;7,31;3,44;3,84;3,68
wt;OXA48;MB003;0,713461538461538;0,605128205128205;0,974683544303797;1,87619047619048;0,0251567189225264;8,9;3,36;4,13;4,29
KPC2;wt;MB003;0,644247787610619;0,313559322033898;0,36231884057971;0,415525114155251;-0,0000894648862325362;0,41;0,48;0,75;1,18
KPC2;wt;MB003;0,6;0,282608695652174;0,269230769230769;0,670886075949367;0,0144865326326888;0,39;0,299;0,503;0,85
KPC2;wt;MB003;0,563055062166963;0,293436293436293;0,239709443099274;0,294326241134752;-0,00986160289396339;8,8;3,31;3,04;3,14
KPC2;wt;MB003;0,516728624535316;0,263940520446097;0,178947368421053;0,221276595744681;-0,0177080653360434;8,67;3,51;3,62;3,59
KPC2;wt;MB003;0,556603773584906;0,318996415770609;0,40251572327044;0,909574468085106;0,0286806258352006;9,59;3,76;3,68;3,17
KPC2;wt;MB003;0,545751633986928;0,25;0,169611307420495;0,190871369294606;-0,0237750570935904;8,91;3,13;3,12;3,02
wt;KPC2;MB003;0,692035398230088;0,349282296650718;0,31063829787234;0,758241758241758;-0,00704766748332508;9,56;2,82;3,08;1,6
wt;KPC2;MB003;0,758555133079848;0,692307692307692;1,11111111111111;2,24324324324324;0,0286426177490619;9,25;2,64;3,04;2,4
wt;KPC2;MB003;0,726114649681529;0,446009389671362;0,554913294797688;1,40776699029126;0,0134301721063558;8,13;3,08;2,69;2,48
wt;KPC2;MB003;0,703619909502262;0,388185654008439;0,378378378378378;0,728476821192053;-0,00783047516192621;7,53;3,29;2,55;2,61
wt;KPC2;MB003;0,721627408993576;0,45662100456621;0,650602409638554;1,57017543859649;0,0182473504300686;8,04;3,19;2,74;2,93
wt;KPC2;MB003;0,732049036777583;0,52863436123348;0,824242424242424;1,84905660377358;0,0236230671940633;9,89;3,47;3,01;3,02
wt;wt;MB005;0,9;0,855670103092783;0,797356828193833;0,721739130434783;0,000903397310625627;0,57;1,8;4,08;3,96
wt;wt;MB005;0,853658536585366;0,846153846153846;0,797520661157025;0,706382978723404;0,00195800746991033;0,76;2,16;4,35;4,01
wt;wt;MB005;0,910596026490066;0,87719298245614;0,812688821752266;0,741818181818182;0,00131751075586843;5,77;5,35;6;4,79
wt;wt;MB005;0,962962962962963;0,869565217391304;0,822857142857143;0,753623188405797;0,000325372552265234;0,53;2,15;3,19;3,63
wt;wt;MB005;0,918367346938776;0,837209302325581;0,796296296296296;0,701834862385321;-0,000336853915044672;0,94;2,37;3,88;3,71
wt;wt;MB005;0,909090909090909;0,852459016393443;0,784431137724551;0,71889400921659;0,000357555182143197;0,84;2,26;2,98;3,73
wt;wt;MB005;0,853556485355649;0,783333333333333;0,741935483870968;0,7;0,00173825175699563;4,43;4,28;4,86;4,08
wt;wt;MB005;0,904166666666667;0,818181818181818;0,788990825688073;0,733590733590734;0,00159598211571788;4,57;4,4;5,85;4,49
wt;wt;MB005;0,907766990291262;0,83402489626556;0,780575539568345;0,742307692307692;0,00153211956052291;3,93;4,42;4,95;4,53
ompK35;wt;MB005;0,705882352941177;0,591760299625468;0,5;0,414965986394558;-0,00939134278900458;4,35;4,25;5,01;4,16
ompK35;wt;MB005;0,702797202797203;0,610486891385768;0,515580736543909;0,478964401294498;-0,00496173852083742;4,87;4,3;5,35;4,57
ompK35;wt;MB005;0,763837638376384;0,653571428571429;0,611979166666667;0,568421052631579;-0,00129116679083711;4,78;4,63;6,19;4,47
ompK35;wt;MB005;0,681818181818182;0,505747126436782;0,446902654867257;0,378947368421053;-0,0106267773906185;0,37;1,31;3,27;3,93
ompK35;wt;MB005;0,72972972972973;0,531531531531531;0,48780487804878;0,443037974683544;-0,00759787907459007;0,64;1,7;3,66;3,42
ompK35;wt;MB005;0,730769230769231;0,546296296296296;0,477777777777778;0,410852713178295;-0,010384892059839;0,45;1,67;2,66;3,64
wt;ompK35;MB005;0,96137339055794;0,905982905982906;0,88663967611336;1,02061855670103;-0,00703788939977799;4,67;4,29;5,34;4,03
wt;ompK35;MB005;0,991803278688525;0,972350230414746;0,929824561403509;0,968586387434555;-0,00977392439591018;0,58;1,86;3,69;3,86
wt;ompK35;MB005;0,968468468468468;0,960698689956332;0,981651376146789;1,1340782122905;-0,00366457003606027;4,57;4,55;5,35;4,42
wt;ompK35;MB005;1;1,04938271604938;1,0762331838565;1,23699421965318;-0,00198292682241402;4,85;4,43;5,08;4,52
wt;ompK35;MB005;0,904761904761905;0,892116182572614;0,914691943127962;1,12592592592593;-0,00180552430191315;0,37;1,36;2,5;3,38
wt;ompK35;MB005;0,857142857142857;0,802631578947368;0,748091603053435;0,689024390243902;-0,0158696515014897;4,16;4,9;3,91;4,55
OXA48;wt;MB005;0,710622710622711;0,532142857142857;0,397905759162304;0,295819935691318;-0,0209675352626436;4,07;4,26;4,62;4,4
OXA48;wt;MB005;0,567567567567568;0,388059701492537;0,27681660899654;0,176829268292683;-0,03013213979522;4;4,09;5,07;4,53
OXA48;wt;MB005;0,686346863468635;0,568965517241379;0,422872340425532;0,331325301204819;-0,0165848149866461;4,08;4,24;4,59;4,62
OXA48;wt;MB005;0,678200692041522;0,52233676975945;0,387978142076503;0,27683615819209;-0,0216230038492092;4,45;4,48;4,65;4,61
OXA48;wt;MB005;0,681818181818182;0,402061855670103;0,269035532994924;0,181818181818182;-0,0354391464146126;4,04;4,32;4,47;4,3
OXA48;wt;MB005;0,697959183673469;0,550632911392405;0,421818181818182;0,346153846153846;-0,0154721055081958;0,52;1,63;2,5;3,77
wt;OXA48;MB005;0,704724409448819;0,566176470588235;0,437722419928826;0,372693726937269;-0,0303008137253855;4,57;4,46;4,66;3,92
wt;OXA48;MB005;0,621621621621622;0,431372549019608;0,315270935960591;0,233201581027668;-0,041164357545139;4,86;4,28;4,4;3,76
wt;OXA48;MB005;0,718181818181818;0,612903225806452;0,452830188679245;0,37984496124031;-0,0307517963054004;4,37;4,49;4,32;3,82
wt;OXA48;MB005;0,714285714285714;0,509090909090909;0,402173913043478;0,330578512396694;-0,0340866954780994;5;4,98;4,63;3,87
wt;OXA48;MB005;0,739130434782609;0,46078431372549;0,325301204819277;0,292307692307692;-0,0399279178066446;4,8;4,56;4,04;2,87
wt;OXA48;MB005;0,739130434782609;0,5859375;0,463519313304721;0,3828125;-0,0306976335174396;0,39;1,37;2,29;2,77
KPC2;wt;MB005;0,583657587548638;0,424749163879599;0,276243093922652;0,198910081743869;-0,028364870259294;4,33;4,26;4,04;3,72
KPC2;wt;MB005;0,58102766798419;0,410344827586207;0,28030303030303;0,221024258760108;-0,0245758895895852;0,6;1,46;2,67;3,12
KPC2;wt;MB005;0,551330798479088;0,372168284789644;0,247282608695652;0,166666666666667;-0,0317471646023235;3,78;4;3,85;3,56
KPC2;wt;MB005;0,508474576271186;0,353474320241692;0,24;0,146766169154229;-0,0329178030117222;0,48;1,66;2,58;3,22
KPC2;wt;MB005;0,496296296296296;0,384615384615385;0,252100840336134;0,194444444444444;-0,0241037919618411;0,4;1,49;2,2;1,68
KPC2;wt;MB005;0,485714285714286;0,263565891472868;0,157407407407407;0,0959302325581395;-0,0455834877744582;3,2;4,06;3,41;3,54
wt;KPC2;MB005;0,6640625;0,525179856115108;0,37109375;0,298245614035088;-0,0361027380382144;4,26;4,24;3,51;3,7
wt;KPC2;MB005;0,615384615384615;0,464912280701754;0,335294117647059;0,292592592592593;-0,0341885050049991;0,63;1,67;2,27;3,49
wt;KPC2;MB005;0,696498054474708;0,566539923954373;0,407563025210084;0,345762711864407;-0,0329189975481665;4,36;4,12;3,35;3,97
wt;KPC2;MB005;0,615384615384615;0,428571428571429;0,285714285714286;0,188976377952756;-0,0480895242297261;0,63;1,6;2,16;3,02
wt;KPC2;MB005;0,636363636363636;0,425;0,278195488721804;0,205882352941176;-0,046707718548508;0,36;1,14;1,7;2,87
wt;KPC2;MB005;0,738197424892704;0,598566308243728;0,440816326530612;0,343065693430657;-0,0346638804999097;4,05;4,46;3,53;3,68
wt;wt;MB006;0,907010014306152;0,831932773109244;0,803571428571428;0,752688172043011;0,00310094669851027;13,33;4,36;1,01;1,63
wt;wt;MB006;0,914760914760915;0,856031128404669;0,772727272727273;0,708333333333333;0,000346632177067877;9,21;4,77;1,95;1,23
wt;wt;MB006;0,898403483309144;0,839130434782609;0,775510204081633;0,685185185185185;0,000126521926219614;13,08;4,23;2,61;1,82
wt;wt;MB006;0,88968824940048;0,858108108108108;0,747663551401869;0,671232876712329;-0,000787543462608401;7,88;2,75;1,87;1,22
wt;wt;MB006;0,878731343283582;0,864406779661017;0,79047619047619;0,672727272727273;0,000134620699797366;10,07;3,3;1,88;0,92
wt;wt;MB006;0,908579465541491;0,83921568627451;0,773913043478261;0,7;0,000408733355120402;13,57;4,69;2,04;1,36
wt;wt;MB006;0,807807807807808;0,732342007434944;0,686274509803921;0,621052631578947;0,000505926854411441;12,04;4,66;1,72;1,54
wt;wt;MB006;0,85551948051948;0,809968847352025;0,741496598639456;0,681818181818182;0,00135124893533906;11,43;5,81;2,56;1,48
wt;wt;MB006;0,877049180327869;0,8125;0,721739130434783;0,648351648351648;-0,00120554095046893;11,45;5,51;1,98;1,5
ompK35;wt;MB006;0,73224043715847;0,641732283464567;0,56989247311828;0,493506493506494;-0,0039815462333887;9,51;4,17;1,46;1,15
ompK35;wt;MB006;0,700179533213644;0,665505226480836;0,601503759398496;0,535714285714286;-0,00000033512882231107;9,47;4,78;2,13;1,29
ompK35;wt;MB006;0,740882917466411;0,686274509803922;0,595744680851064;0,537878787878788;-0,00197806022308646;9,07;4,3;2,25;2,03
ompK35;wt;MB006;0,735238095238095;0,670886075949367;0,619565217391304;0,521739130434783;-0,00204373771581805;9,11;3,96;1,49;1,4
ompK35;wt;MB006;0,726775956284153;0,672862453531599;0,607142857142857;0,526315789473684;-0,00166639784680302;9,48;4,5;1,8;1,16
ompK35;wt;MB006;0,723146747352496;0,65017667844523;0,67032967032967;0,576470588235294;0,0025474956239319;11,39;4,67;1,52;1,34
wt;ompK35;MB006;1,09626719056974;1,1576354679803;1,16326530612245;1,36206896551724;-0,00205477870986621;10,12;4,42;1,49;1,15
wt;ompK35;MB006;1,06876227897839;1,13917525773196;1,27692307692308;1,40909090909091;0,000818683640331525;11,89;4,26;1,04;1,49
wt;ompK35;MB006;0,978369384359401;1,16988416988417;1,23076923076923;1,30487804878049;0,000530563485935002;10,01;4,27;1,85;1,76
wt;ompK35;MB006;1,04512635379061;1,1843137254902;1,27941176470588;1,29268292682927;-0,00146627884549273;11,28;5,49;2,61;1,61
wt;ompK35;MB006;0,983525535420099;1,16287878787879;1,19753086419753;1,24390243902439;-0,00127652083426809;11,01;5,52;1,39;1,7
wt;ompK35;MB006;1,01578947368421;1,14349775784753;1,17647058823529;1,32;-0,000472869785165071;12,92;5,8;2,08;1,76
OXA48;wt;MB006;0,747841105354059;0,607272727272727;0,505050505050505;0,385542168674699;-0,0126765180797487;8,99;4,01;0,95;1,16
OXA48;wt;MB006;0,730713245997089;0,577777777777778;0,464788732394366;0,37962962962963;-0,0127779370973302;9,54;2,93;0,9;1,33
OXA48;wt;MB006;0,740869565217391;0,623574144486692;0,528925619834711;0,419354838709677;-0,00967653697609535;9,6;5,31;1,27;2,42
OXA48;wt;MB006;0,730061349693252;0,609970674486804;0,491428571428571;0,4;-0,0111679873486372;10,68;5,24;1,04;2,26
OXA48;wt;MB006;0,7616;0,652694610778443;0,561797752808989;0,440677966101695;-0,00887001147493294;9,13;4,61;1,25;1,56
OXA48;wt;MB006;0,753052917232022;0,624649859943978;0,507246376811594;0,454545454545455;-0,00818419560791574;5,3;3,02;0,72;1,58
wt;OXA48;MB006;0,709497206703911;0,647058823529412;0,547619047619048;0,473684210526316;-0,0224051537231816;10,67;4,38;1,06;1,37
wt;OXA48;MB006;0,738351254480287;0,868852459016394;0,6;0,627906976744186;-0,0171793757699476;10,53;4,15;1,48;1,59
wt;OXA48;MB006;0,735244519392917;0,625954198473282;0,590163934426229;0,511904761904762;-0,020066814261611;11,89;5,62;1,74;1,89
wt;OXA48;MB006;0,786912751677852;0,738532110091743;0,74468085106383;0,538461538461538;-0,0199152376565509;11,33;5,57;1,55;1,88
wt;OXA48;MB006;0,8;0,725;0,574712643678161;0,522222222222222;-0,0237346803489458;12,04;5,71;1,78;1,84
wt;OXA48;MB006;0,820552147239264;0,71219512195122;0,677966101694915;0,531531531531531;-0,0221351045336723;11,49;4,78;1,11;1,16
KPC2;wt;MB006;0,64954128440367;0,507518796992481;0,338028169014085;0,208333333333333;-0,0291349800774237;9,18;3,36;0,65;0,56
KPC2;wt;MB006;0,597989949748744;0,45771144278607;0,323529411764706;0,198198198198198;-0,0275558055207007;9,7;1,14;0,72;0,7
KPC2;wt;MB006;0,586776859504132;0,435135135135135;0,257425742574257;0,21608040201005;-0,0261761984183163;10,29;4,26;0,97;1,27
KPC2;wt;MB006;0,575221238938053;0,451523545706371;0,316455696202532;0,202127659574468;-0,0258872241517243;10,65;3,79;0,82;1,2
KPC2;wt;MB006;0,571428571428571;0,445141065830721;0,315789473684211;0,228346456692913;-0,0219085425260403;12,24;4,83;1,37;1,37
KPC2;wt;MB006;0,536231884057971;0,391705069124424;0,333333333333333;0,18796992481203;-0,0240193270805867;11,87;3,51;0,99;1,7
wt;KPC2;MB006;0,762684124386252;0,666666666666667;0,483870967741935;0,490196078431373;-0,0250819833758291;10,77;3,8;0,46;0,76
wt;KPC2;MB006;0,837328767123288;0,739644970414201;0,611940298507463;0,490566037735849;-0,0265511721547535;10,73;2,94;1,08;0,79
wt;KPC2;MB006;0,780984719864177;0,700361010830325;0,589041095890411;0,480392156862745;-0,0249256943522403;10,49;4,71;1,16;1,51
wt;KPC2;MB006;0,803603603603604;0,738095238095238;0,611111111111111;0,47887323943662;-0,0260341563727354;10,01;3,65;0,87;1,05
wt;KPC2;MB006;0,818525519848771;0,72265625;0,649122807017544;0,468354430379747;-0,0264376043756767;9,62;4,41;0,94;1,16
wt;KPC2;MB006;0,82129963898917;0,699074074074074;0,6;0,5;-0,025032777850652;10,09;3,67;1,04;1,14
wt;wt;MB007;0,932203389830508;0,846625766871166;0,747663551401869;0,649038461538462;-0,00308322220649459;5,7;3,01;3,74;3,43
wt;wt;MB007;0,915254237288136;0,808743169398907;0,783653846153846;0,717073170731707;0,00138574606385998;6,78;3,31;3,71;3,52
wt;wt;MB007;0,914835164835165;0,798941798941799;0,766666666666667;0,674342105263158;-0,000540944300649099;6,97;3,4;3,18;5,09
wt;wt;MB007;0,873809523809524;0,818181818181818;0,751269035532995;0,692015209125475;0,0011707638611183;7,87;3,6;3,45;4,45
wt;wt;MB007;0,900269541778976;0,808743169398907;0,767441860465116;0,705357142857143;0,00117772068516137;7,05;3,31;3,04;3,82
wt;wt;MB007;0,871473354231975;0,805263157894737;0,788135593220339;0,675925925925926;0,00118356220068706;5,97;3,43;2,11;3,62
wt;wt;MB007;0,811594202898551;0,753424657534247;0,680851063829787;0,622549019607843;0,0000534086769297115;7,5;3,84;3,95;3,31
wt;wt;MB007;0,845714285714286;0,775119617224881;0,736486486486487;0,665354330708661;0,0013144856064719;6,46;3,71;2,57;4,23
wt;wt;MB007;0,853881278538813;0,772727272727273;0,736842105263158;0,682203389830509;0,00181215069771147;8,12;3,9;3,63;3,97
ompK35;wt;MB007;0,644385026737968;0,593457943925234;0,490909090909091;0,437768240343348;-0,00447367128479611;6,15;3,41;3,28;3,35
ompK35;wt;MB007;0,639593908629442;0,5662100456621;0,571984435797665;0,572769953051643;0,00581259359783935;6,46;3,43;4,04;3,35
ompK35;wt;MB007;0,681481481481481;0,633187772925764;0,687763713080169;0,852017937219731;0,0165485441833249;6,81;3,74;4;4,13
ompK35;wt;MB007;0,776595744680851;0,68609865470852;0,693877551020408;0,739130434782609;0,00765098075577184;5,01;3,76;3,32;3,2
ompK35;wt;MB007;0,698795180722892;0,65296803652968;0,662162162162162;0,781115879828326;0,012502403880048;5,64;3,62;2,46;4,15
ompK35;wt;MB007;0,754325259515571;0,657276995305164;0,681481481481481;0,724550898203593;0,00817509208478647;5,07;3,53;2,27;2,88
wt;ompK35;MB007;0,974193548387097;1,04968944099379;1,1231884057971;1,56349206349206;0,00625267393618315;6,24;3,46;3,5;3,11
wt;ompK35;MB007;1,00673400673401;1,07878787878788;1,1864406779661;1,48251748251748;0,00394599357346876;6,55;3,52;3,12;3,24
wt;ompK35;MB007;0,991596638655462;1,14556962025316;1,22463768115942;1,79591836734694;0,00986998192689728;6,8;3,58;3,05;4,15
wt;ompK35;MB007;1,02525252525253;1,21511627906977;1,46341463414634;2,11382113821138;0,0149499670837639;8,31;4,05;2,78;3,31
wt;ompK35;MB007;0,96996996996997;1,06172839506173;1,15789473684211;1,38562091503268;0,00295009898845285;5,75;3,39;2,41;3,61
wt;ompK35;MB007;0,970099667774086;1;1,17355371900826;1,5078125;0,00621474680524492;5,7;3,37;2,44;3,63
OXA48;wt;MB007;0,629242819843342;0,497835497835498;0,411290322580645;0,323404255319149;-0,0128565211396775;5,77;3,42;2,44;3,26
OXA48;wt;MB007;0,613300492610838;0,478991596638655;0,405405405405405;0,306451612903226;-0,0134602032323199;5,64;3,45;2,35;3,09
OXA48;wt;MB007;0,646489104116223;0,516949152542373;0,452380952380952;0,383333333333333;-0,0079921352276315;5,75;3,43;2,71;4,3
OXA48;wt;MB007;0,607350096711799;0,5;0,418367346938775;0,324;-0,0116117326391729;6,45;3,95;2,66;3,7
OXA48;wt;MB007;0,657060518731988;0,493392070484582;0,385057471264368;0,275618374558304;-0,0195202770226301;5,91;3,71;2,42;3,25
OXA48;wt;MB007;0,666666666666667;0,531818181818182;0,469879518072289;0,369811320754717;-0,00989556476476875;5,52;3,52;2,13;3,27
wt;OXA48;MB007;0,641666666666667;0,561576354679803;0,485915492957746;0,395061728395062;-0,0246140480906737;6,12;3,3;2,93;3,23
wt;OXA48;MB007;0,651090342679128;0,582887700534759;0,458333333333333;0,367088607594937;-0,0282114427074777;5,96;3,43;2,58;3,55
wt;OXA48;MB007;0,691666666666667;0,589861751152074;0,524096385542169;0,43984962406015;-0,0233783729095422;7,11;3,39;3,07;5,48
wt;OXA48;MB007;0,712230215827338;0,676724137931035;0,647798742138365;0,703883495145631;-0,00940659671668924;8,02;3,81;3,03;3,83
wt;OXA48;MB007;0,724458204334365;0,638095238095238;0,5;0,532710280373832;-0,0202782951995821;6,56;3,34;2,46;3,65
wt;OXA48;MB007;0,745454545454545;0,61244019138756;0,521428571428571;0,45;-0,0253672972036216;5,93;2,6;2,63;3,21
KPC2;wt;MB007;0,542780748663102;0,390243902439024;0,270833333333333;0,239543726235741;-0,0191701617996436;5,91;3,17;2,11;2,26
KPC2;wt;MB007;0,512064343163539;0,385542168674699;0,298342541436464;0,261224489795918;-0,0137345809521036;5,3;2,96;2,45;3,24
KPC2;wt;MB007;0,509186351706037;0,366533864541833;0,248847926267281;0,197771587743733;-0,0232219223978629;6,09;3,45;2,53;3,83
KPC2;wt;MB007;0,479357798165138;0,334459459459459;0,225806451612903;0,178343949044586;-0,0245687677134908;7,14;3,89;2,62;3,51
KPC2;wt;MB007;0,50765306122449;0,363970588235294;0,247422680412371;0,226415094339623;-0,0190609908683056;5,57;3,44;2,19;3,28
KPC2;wt;MB007;0,491891891891892;0,353846153846154;0,217142857142857;0,197802197802198;-0,0231912045915035;5,76;3,37;2,13;2,61
wt;KPC2;MB007;0,653125;0,552511415525114;0,445714285714286;0,427027027027027;-0,023511706432388;5,29;3,4;2,53;2,64
wt;KPC2;MB007;0,73469387755102;0,692307692307692;0,644736842105263;0,66120218579235;-0,0124898199869849;5,1;3,52;2,5;3,04
wt;KPC2;MB007;0,692546583850932;0,600877192982456;0,505952380952381;0,5;-0,0201086123309121;5,45;3,65;2,53;3,84
wt;KPC2;MB007;0,692090395480226;0,570247933884298;0,457317073170732;0,433497536945813;-0,0248579665308962;5,99;3,8;2,39;2,91
wt;KPC2;MB007;0,687272727272727;0,615;0,496598639455782;0,5;-0,0202982042219139;4,64;3,23;2,2;3,03
wt;KPC2;MB007;0,757097791798107;0,609137055837564;0,525547445255474;0,531914893617021;-0,0206824059365345;5,57;3,17;2,09;2,88
wt;wt;MB008;0,348115299334812;0,289405684754522;0,254480286738351;0,290540540540541;-0,00334268993462707;6,08;4,99;3,5;1,91
wt;wt;MB008;0,162650602409639;0,168564920273349;0,200704225352113;0,214285714285714;0,0133833795509074;5,79;5,13;3,41;2,38
wt;wt;MB008;0,214828897338403;0,197994987468672;0,174545454545455;0,162790697674419;-0,00621477278843274;6,39;4,78;3,23;2,5
wt;wt;MB008;0,0782442748091603;0,0985915492957747;0,116129032258065;0,166666666666667;0,0276890577546016;5,65;4,68;3,46;2,31
wt;wt;MB008;0,0629370629370629;0,0596026490066225;0,0633333333333333;0,0482456140350877;-0,00400070184376998;6,08;4,8;3,19;2,39
wt;wt;MB008;0,0512820512820513;0,048951048951049;0,043859649122807;0,0418181818181818;-0,00385145883607596;5,74;4,5;3,57;2,292
wt;wt;MB008;0,651629072681704;0,602702702702703;0,541832669322709;0,471014492753623;-0,00743517746048072;6,59;5,93;3,87;2,03
wt;wt;MB008;0,951612903225806;0,872909698996655;0,966666666666667;0,725;-0,00377229473240755;6,05;5,6;3,54;2,07
wt;wt;MB008;0,691588785046729;0,659163987138264;0,59825327510917;0,506756756756757;-0,0069313044026429;7,24;5,16;3,66;2,23
wt;wt;MB008;0,670731707317073;0,646496815286624;0,654545454545454;0,496644295302013;-0,00552403730707213;6,85;5,17;3,64;2,23
ompK35;wt;MB008;0,411910669975186;0,420512820512821;0,392156862745098;0,419354838709677;0,00320628693159954;5,69;5,54;3,55;2,2
ompK35;wt;MB008;0,847517730496454;0,875862068965517;0,860215053763441;0,854838709677419;0,00344485901354712;5,21;5,44;3,46;2,3
ompK35;wt;MB008;0,973913043478261;0,867924528301887;0,84180790960452;0,8;-0,00283974830972302;6,81;4,95;3,26;2,34
ompK35;wt;MB008;0,66578947368421;0,642642642642643;0,568464730290456;0,612121212121212;-0,000380701505719638;6,33;5,47;3,78;2,66
ompK35;wt;MB008;0,658792650918635;0,713815789473684;0,75;0,901960784313725;0,0132864383602424;6,32;5,21;3,71;2,91
ompK35;wt;MB008;0,431372549019608;0,434782608695652;0,425925925925926;0,48314606741573;0,0065616902961348;6,57;5,28;3,85;2,64
wt;ompK35;MB008;1,2603550295858;1,6981981981982;1,55172413793103;2,05263157894737;0,00511375508861063;9,19;5,72;3,29;2,02
wt;ompK35;MB008;0,996688741721854;1,21951219512195;1,11413043478261;1,31858407079646;-0,00112361991494692;6,26;5;2,17;2,17
wt;ompK35;MB008;0,829971181556196;1,02222222222222;1,02747252747253;1,43269230769231;0,007812711490264;7,53;4,96;3,4;2,24
wt;ompK35;MB008;0,960954446854664;1,05263157894737;1,00975609756098;1,11111111111111;-0,00467629108310186;7,2;5,26;3,73;2,51
wt;ompK35;MB008;1,30208333333333;1,56872037914692;1,51552795031056;2,23809523809524;0,0072887147898664;7,75;5,09;3,43;2,46
wt;ompK35;MB008;1,66079295154185;1,93478260869565;1,80575539568345;2,6986301369863;0,00525720391749401;6,39;4,75;3,38;2,3
OXA48;wt;MB008;0,479871175523349;0,448101265822785;0,28515625;0,2625;-0,0192507281423983;8,39;6,13;3,83;2,35
OXA48;wt;MB008;0,462616822429907;0,329787234042553;0,339506172839506;0,172972972972973;-0,0258553788305786;7,83;5,08;3,48;1,94
OXA48;wt;MB008;0,335106382978723;0,224691358024691;0,160409556313993;0,108910891089109;-0,0337204250819953;5,61;5,3;3,87;2,78
OXA48;wt;MB008;0,38728323699422;0,273607748184019;0,187898089171975;0,135746606334842;-0,0318418584066899;6,93;5,29;3,62;2,15
OXA48;wt;MB008;0,591375770020534;0,398351648351648;0,261029411764706;0,171428571428571;-0,0380084795065146;6,84;4,92;3,61;2,57
OXA48;wt;MB008;0,621827411167513;0,443768996960486;0,285171102661597;0,223404255319149;-0,0317654476563334;5,21;4,66;3,21;2,17
wt;OXA48;MB008;0,47808764940239;0,450292397660819;0,366935483870968;0,423728813559322;-0,0142842336694011;7,64;5,99;3,7;2,32
wt;OXA48;MB008;0,731117824773414;0,610714285714286;0,409638554216867;0,305555555555556;-0,0387829407970355;6,03;5,46;3,89;2,62
wt;OXA48;MB008;0,953416149068323;0,98728813559322;0,831578947368421;0,962962962962963;-0,0100335627162813;6,35;4,55;3,69;2,53
wt;OXA48;MB008;0,477223427331887;0,354838709677419;0,252279635258359;0,175879396984925;-0,0419729500493199;9,04;5,46;4,12;2,66
wt;OXA48;MB008;0,840579710144927;0,716723549488055;0,573275862068966;0,591240875912409;-0,0214053899033711;6,63;5,42;4,05;2,72
wt;OXA48;MB008;0,661490683229814;0,643122676579926;0,480314960629921;0,583333333333333;-0,0153071579375195;6,04;5,4;3,9;2,7
KPC2;wt;MB008;0,525454545454546;0,47710843373494;0,311643835616438;0,25668449197861;-0,022384218923819;7,42;4,96;3,39;1,68
KPC2;wt;MB008;0,482954545454545;0,358288770053476;0,260869565217391;0,190184049079755;-0,0277640056122761;5,73;4,51;3,51;1,88
KPC2;wt;MB008;0,65;0,582089552238806;0,465909090909091;0,463157894736842;-0,00902637837950852;6,29;4,69;3,48;2,12
KPC2;wt;MB008;0,702702702702703;0,524495677233429;0,360902255639098;0,264705882352941;-0,0296606478108419;6,81;4,2;4,12;2,34
KPC2;wt;MB008;0,722921914357683;0,597402597402597;0,473469387755102;0,435754189944134;-0,0141446377541335;6,35;5,03;3,65;2,18
KPC2;wt;MB008;1,04313725490196;0,778625954198473;0,565853658536585;0,446666666666667;-0,0252701263176965;5,35;4,42;3,76;2,28
wt;KPC2;MB008;0,669291338582677;0,588850174216028;0,530516431924883;0,451851851851852;-0,0214452709292868;6,36;4,56;3,26;1,96
wt;KPC2;MB008;1,05182926829268;0,961538461538461;0,645299145299145;0,553030303030303;-0,031890514295227;6,73;4,59;3,85;2,05
wt;KPC2;MB008;1,08963585434174;1,11659192825112;1,01307189542484;1,14563106796116;-0,00808568700163728;7,46;4,72;3,08;2,21
wt;KPC2;MB008;0,732758620689655;0,624137931034483;0,518218623481781;0,414893617021277;-0,0275396777944421;8,04;4,71;3,75;2,66
wt;KPC2;MB008;0,618384401114206;0,615894039735099;0,595121951219512;0,728571428571429;-0,004039933927482;5,81;4,88;3,27;2,42
wt;KPC2;MB008;0,766826923076923;0,813229571984436;0,696078431372549;0,780487804878049;-0,00964188116474649;7,35;4,66;3,46;2,19
wt;wt;MB009;1,14516129032258;1,02654867256637;1;0,473684210526316;-0,00981645948345123;5,32;2,29;0,38;0,14
wt;wt;MB009;0,865384615384615;0,789855072463768;0,857142857142857;0,464285714285714;-0,000934305430786413;5,82;2,47;0,39;0,123
wt;wt;MB009;0,671232876712329;0,613793103448276;0,789473684210526;0,407894736842105;0,00450223721862179;4,88;2,34;0,34;0,107
wt;wt;MB009;1,51612903225806;1,47058823529412;2;0,938775510204082;0,00562302908736864;6,24;2,52;0,33;0,095
wt;wt;MB009;0,965648854961832;0,822033898305085;0,681818181818182;0,452380952380952;-0,00769009373015641;5,15;2,15;0,37;0,122
wt;wt;MB009;0,581881533101045;0,556521739130435;0,6;0,230769230769231;-0,0100648646958586;4,54;1,79;0,224;0,096
wt;wt;MB009;0,776951672862453;0,716129032258065;0,769230769230769;0,549450549450549;0,0072498863631263;4,78;2,66;0,46;0,141
wt;wt;MB009;0,795379537953795;0,75;0,793103448275862;0,427272727272727;-0,00115474112268239;5,44;3,08;0,52;0,157
wt;wt;MB009;0,657142857142857;0,625730994152047;0,666666666666667;0,474226804123711;0,00777558510098753;5,22;2,78;0,45;0,143
wt;wt;MB009;0,745098039215686;0,723404255319149;0,863636363636364;0,464285714285714;0,00450972669283076;4,45;2,43;0,41;0,123
ompK35;wt;MB009;0,603550295857988;0,473118279569892;0,333333333333333;0,254545454545455;-0,0124741618584011;5,42;2,74;0,48;0,138
ompK35;wt;MB009;0,536873156342183;0,416184971098266;0,314285714285714;0,22680412371134;-0,0117301652220532;5,21;2,45;0,46;0,119
ompK35;wt;MB009;0,26791277258567;0,251366120218579;0,202857142857143;0,118181818181818;-0,00976883959924696;4,07;2,29;0,421;0,123
ompK35;wt;MB009;0,349246231155779;0,28735632183908;0,215151515151515;0,130952380952381;-0,0153937473977818;5,37;2,24;0,401;0,095
ompK35;wt;MB009;0,509661835748792;0,390243902439024;0,3125;0,206521739130435;-0,0123935663241297;6,25;2,28;0,42;0,111
ompK35;wt;MB009;0,702031602708804;0,448717948717949;0,5;0,293478260869565;-0,0081547486936796;7,54;2,26;0,39;0,119
wt;ompK35;MB009;0,955271565495208;0,871951219512195;0,807692307692308;1,35802469135802;0,00117209188196951;7,19;3,22;0,639;0,221
wt;ompK35;MB009;0,814685314685315;0,769662921348315;0,485714285714286;0,909090909090909;-0,0099301355449737;4,94;2,52;0,479;0,13537
wt;ompK35;MB009;0,892988929889299;0,801369863013699;0,48;0,75;-0,0189765041523353;6,7;2,96;0,517;0,169
wt;ompK35;MB009;0,983957219251337;0,95;0,653846153846154;1,31578947368421;-0,00363371778613246;5,05;2,2;0,385;0,10836
wt;ompK35;MB009;0,930555555555555;0,853658536585366;0,608695652173913;0,823529411764706;-0,0156637141942422;5,62;2,39;0,378;0,10585
wt;ompK35;MB009;1,16058394160584;0,927083333333333;0,55;1,22222222222222;-0,0122849391568741;6,35;2,37;0,353;0,10245
OXA48;wt;MB009;0,302536231884058;0,175182481751825;0,121052631578947;0,0523809523809524;-0,039377407273992;7,27;2,97;0,62;0,201
OXA48;wt;MB009;0,353424657534247;0,223300970873786;0,113953488372093;0,0413076923076923;-0,0541975881089023;4,87;2,99;0,457;0,139
OXA48;wt;MB009;0,515837104072398;0,275862068965517;0,175;0,126666666666667;-0,0297497509664342;6,82;2,43;0,411;0,159
OXA48;wt;MB009;0,534954407294833;0,333333333333333;0,203125;0,0836;-0,0437089934119457;5,15;2,68;0,321;0,126
OXA48;wt;MB009;0,437340153452685;0,25130890052356;0,145454545454545;0,0585;-0,0488903668467052;6,12;2,26;0,279;0,12
OXA48;wt;MB009;0,511904761904762;0,274193548387097;0,176666666666667;0,0898936170212766;-0,0396526838784048;5,06;2,1;0,302;0,097
wt;OXA48;MB009;0,639664804469274;0,447513812154696;0,333333333333333;0,464788732394366;-0,0211425940413746;6,12;3,07;0,47;0,191
wt;OXA48;MB009;0,697068403908795;0,502958579881657;0,27027027027027;0,353658536585366;-0,0351835140923234;5,19;3,15;0,52;0,147
wt;OXA48;MB009;0,673306772908367;0,5;0,288461538461538;0,473684210526316;-0,0246663786366142;5,13;2,63;0,37;0,14
wt;OXA48;MB009;0,554166666666667;0,436241610738255;0,194594594594595;0,4;-0,0264689165471176;3,71;2,73;0,43;0,132
wt;OXA48;MB009;0,493333333333333;0,417582417582418;0,261904761904762;0,403508771929824;-0,0193107254561209;4,17;2,28;0,37;0,124
wt;OXA48;MB009;0,829145728643216;0,602739726027397;0,328571428571429;0,5;-0,029857057019758;2,96;1,85;0,31;0,1
KPC2;wt;MB009;0,928381962864722;0,563157894736842;0,409090909090909;0,182352941176471;-0,0350928413159697;5,87;2,62;0,44;0,104
KPC2;wt;MB009;0,64527027027027;0,465686274509804;0,269444444444444;0,158333333333333;-0,0306921405718939;5,21;2,54;0,47;0,111
KPC2;wt;MB009;0,498901098901099;0,342541436464088;0,245454545454545;0,135714285714286;-0,0254601287395907;4,2;2,01;0,335;0,084
KPC2;wt;MB009;0,584615384615385;0,425531914893617;0,284;0,145454545454545;-0,0288480120728678;3,73;2,14;0,442;0,119
KPC2;wt;MB009;0,967845659163987;0,547945205479452;0,395;0,224489795918367;-0,0301818055516402;3,36;1,29;0,265;0,08
KPC2;wt;MB009;0,571428571428571;0,381578947368421;0,258333333333333;0,154761904761905;-0,0261598588280787;3,64;1,17;0,279;0,069
wt;KPC2;MB009;0,700757575757576;0,6015625;0,434782608695652;0,596774193548387;-0,0166816485774541;4,49;2,05;0,33;0,099
wt;KPC2;MB009;0,798611111111111;0,609929078014184;0,428571428571429;0,474358974358974;-0,0277722548863801;5,18;2,27;0,4;0,115
wt;KPC2;MB009;1,028;0,88785046728972;0,571428571428571;0,785714285714286;-0,0210860651050126;5,07;2,02;0,33;0,1
wt;KPC2;MB009;0,89419795221843;0,64957264957265;0,48;0,9;-0,0114473680565196;5,55;1,93;0,37;0,095
wt;KPC2;MB009;0,565737051792829;0,416;0,361904761904762;0,743589743589744;-0,00180834969425827;3,93;1,77;0,286;0,068
wt;KPC2;MB009;0,639484978540772;0,471153846153846;0,470588235294118;2,94444444444444;0,0371822471460535;3,82;1,53;0,25;0,071
wt;wt;MB010;0,242718446601942;0,238482384823848;0,23021582733813;0,230769230769231;0,00567270702082384;5,12;4,57;1,71;0,8
wt;wt;MB010;0,160839160839161;0,143540669856459;0,136125654450262;0,122077922077922;-0,00126275355316391;4,98;4,78;2,17;0,864
wt;wt;MB010;0,176315789473684;0,172268907563025;0,131428571428571;0,146666666666667;-0,000689351541056164;4,47;5,58;1,98;0,86
wt;wt;MB010;0,0638820638820639;0,0598086124401914;0,0497326203208556;0,0518987341772152;-0,000537206838987558;4,33;4,43;1,963;0,831
wt;wt;MB010;0,0596205962059621;0,0605263157894737;0,0502923976608187;0,0444444444444444;-0,00312507052889401;3,91;4,03;1,796;0,846
wt;wt;MB010;0,0851735015772871;0,0751445086705202;0,0673758865248227;0,060655737704918;-0,00373553645538969;3,44;3,72;1,505;0,647
wt;wt;MB010;0,73421926910299;0,726973684210526;0,637096774193548;0,615384615384615;0,000923511482457251;5,22;5,25;2,03;0,84
wt;wt;MB010;0,878228782287823;0,9;0,789473684210526;0,745454545454545;0,0013123344278079;5,09;4,94;2,38;0,96
wt;wt;MB010;0,687296416938111;0,705263157894737;0,6;0,576271186440678;0,000637973520553075;5,18;4,86;2,16;0,93
wt;wt;MB010;0,71523178807947;0,692028985507246;0,65034965034965;0,583333333333333;0,000803392465849271;5,18;4,67;2,36;1,14
ompK35;wt;MB010;0,359322033898305;0,406896551724138;0,341880341880342;0,333333333333333;0,00354674357656969;4,01;4,08;1,57;0,72
ompK35;wt;MB010;0,385350318471338;0,373801916932907;0,311111111111111;0,25;-0,00727651047690794;4,35;4,3;1,77;0,85
ompK35;wt;MB010;0,471830985915493;0,440251572327044;0,407407407407407;0,349206349206349;-0,00226405518356847;4,18;4,58;1,9;0,85
ompK35;wt;MB010;0,567213114754098;0,478927203065134;0,425675675675676;0,394736842105263;-0,00451417587748815;4,78;3,86;2,11;1,06
ompK35;wt;MB010;0,563380281690141;0,422442244224423;0,38562091503268;0,366197183098592;-0,00629546065027322;5,55;4,31;2,12;0,97
ompK35;wt;MB010;0,297587131367292;0,240687679083095;0,205128205128205;0,180851063829787;-0,0089996402159061;4,84;4,33;2,35;1,11
wt;ompK35;MB010;1,03664921465969;1,02777777777778;0,981651376146789;1,16666666666667;-0,00553057784294908;5,17;5,01;1,77;0,875
wt;ompK35;MB010;0,952380952380952;0,951219512195122;0,905982905982906;0,944444444444444;-0,00935440163000192;5,07;4,37;1,71;0,84
wt;ompK35;MB010;0,670250896057348;0,655038759689922;0,651785714285714;0,74;-0,00569595337477202;3,8;4,53;1,77;0,985
wt;ompK35;MB010;0,957364341085271;0,926940639269406;0,91869918699187;0,896551724137931;-0,0106742591077703;4,87;4,11;1,9;0,966
wt;ompK35;MB010;0,928251121076233;0,93719806763285;0,909090909090909;0,823529411764706;-0,0125116964821852;4,97;3,98;1,98;0,917
wt;ompK35;MB010;1,2;1,12565445026178;1,10752688172043;1,18181818181818;-0,00923648515274633;4,5;3,58;1,8;0,828
OXA48;wt;MB010;0,339378238341969;0,237037037037037;0,141935483870968;0,09375;-0,0361829387237904;5,11;5,4;2,22;0,996
OXA48;wt;MB010;0,323759791122715;0,230985915492958;0,132450331125828;0,0909090909090909;-0,0361257394957105;5,38;4,39;2,06;1,07
OXA48;wt;MB010;0,275167785234899;0,217741935483871;0,120253164556962;0,0824175824175824;-0,0345645747531311;5,84;4,9;2,18;0,88
OXA48;wt;MB010;0,440828402366864;0,308917197452229;0,20253164556962;0,110344827586207;-0,0382331279560507;4,97;4,27;2,12;0,98
OXA48;wt;MB010;0,392156862745098;0,300653594771242;0,18562874251497;0,118292682926829;-0,0332370947163501;5,09;4,48;2,03;0,85
OXA48;wt;MB010;0,315789473684211;0,247386759581881;0,168831168831169;0,0894736842105263;-0,0341144676102449;4,44;3,74;1,61;0,6
wt;OXA48;MB010;0,491638795986622;0,403333333333333;0,357664233576642;0,283018867924528;-0,0263847187004954;3,89;4,38;2,16;0,91
wt;OXA48;MB010;0,566775244299674;0,490909090909091;0,38655462184874;0,304347826086957;-0,0296597162677541;4,92;4,8;2,23;1,05
wt;OXA48;MB010;0,703252032520325;0,508547008547009;0,425;0,354166666666667;-0,0309892265794044;4,66;4,27;1,85;0,87
wt;OXA48;MB010;0,388888888888889;0,326388888888889;0,267716535433071;0,267857142857143;-0,0217829150023037;5,05;4,22;2,36;1,1
wt;OXA48;MB010;0,358565737051793;0,328767123287671;0,26;0,229508196721312;-0,0243479882831338;4,3;4,01;1,89;0,93
wt;OXA48;MB010;0,493212669683258;0,396396396396396;0,296296296296296;0,296296296296296;-0,0268140726591569;4,07;4,06;1,96;0,96
KPC2;wt;MB010;0,27431421446384;0,232876712328767;0,138461538461538;0,0945054945054945;-0,0296276470154994;4,46;4,21;1,86;0,68
KPC2;wt;MB010;0,430851063829787;0,350769230769231;0,211764705882353;0,150537634408602;-0,0290530021165336;4,81;4,1;1,65;0,6
KPC2;wt;MB010;0,54089709762533;0,4;0,260115606936416;0,189189189189189;-0,0282778236664098;4,19;3,53;1,71;0,65
KPC2;wt;MB010;0,448979591836735;0,386363636363636;0,225433526011561;0,166666666666667;-0,0275769791278632;4,25;3,82;1,61;0,71
KPC2;wt;MB010;0,561349693251534;0,473684210526316;0,284810126582278;0,214285714285714;-0,0264381895954501;3,41;3,88;1,89;0,75
KPC2;wt;MB010;0,905579399141631;0,755868544600939;0,424778761061947;0,304347826086957;-0,0309350962828509;3,3;3,1;1,75;0,7
wt;KPC2;MB010;0,43609022556391;0,348547717842324;0,251968503937008;0,276595744680851;-0,025519584226087;3,82;3,25;1,59;0,6
wt;KPC2;MB010;0,469924812030075;0,396078431372549;0,28;0,340425531914894;-0,0217556256534597;3,91;3,56;1,6;0,63
wt;KPC2;MB010;0,461538461538462;0,341216216216216;0,261538461538462;0,244444444444444;-0,0303427796844964;3,99;3,97;1,64;0,56
wt;KPC2;MB010;0,784090909090909;0,671296296296296;0,473214285714286;0,416666666666667;-0,0310798856877586;4,71;3,61;1,65;0,68
wt;KPC2;MB010;0,441935483870968;0,347222222222222;0,261904761904762;0,222222222222222;-0,0320605312059038;4,47;3,88;1,59;0,66
wt;KPC2;MB010;0,756410256410256;0,511904761904762;0,403508771929825;0,377777777777778;-0,0318238465142396;4,11;3,81;1,6;0,62